-- phpMyAdmin SQL Dump
-- version 5.0.2
-- https://www.phpmyadmin.net/
--
-- Host: 127.0.0.1
-- Generation Time: Oct 14, 2020 at 02:33 PM
-- Server version: 10.4.13-MariaDB
-- PHP Version: 7.4.8

SET SQL_MODE = "NO_AUTO_VALUE_ON_ZERO";
START TRANSACTION;
SET time_zone = "+00:00";


/*!40101 SET @OLD_CHARACTER_SET_CLIENT=@@CHARACTER_SET_CLIENT */;
/*!40101 SET @OLD_CHARACTER_SET_RESULTS=@@CHARACTER_SET_RESULTS */;
/*!40101 SET @OLD_COLLATION_CONNECTION=@@COLLATION_CONNECTION */;
/*!40101 SET NAMES utf8mb4 */;

--
-- Database: `cs_2001`
--

-- --------------------------------------------------------

--
-- Table structure for table `apr`
--

CREATE TABLE `apr` (
  `CODE_NO` varchar(10) DEFAULT NULL,
  `QUANTITY` int(11) DEFAULT NULL,
  `MF` date DEFAULT NULL,
  `EXP` date DEFAULT NULL,
  `REJECTED` int(11) DEFAULT NULL,
  `RETRIEVED` int(11) DEFAULT NULL,
  `IN_STOCK` int(11) DEFAULT NULL
) ENGINE=InnoDB DEFAULT CHARSET=utf8mb4;

--
-- Dumping data for table `apr`
--

INSERT INTO `apr` (`CODE_NO`, `QUANTITY`, `MF`, `EXP`, `REJECTED`, `RETRIEVED`, `IN_STOCK`) VALUES
('FRM011', 0, '2018-01-01', '2018-01-01', 0, 0, 0),
('FRM012', 0, '2018-01-01', '2018-01-01', 0, 0, 0),
('FRM013', 0, '2018-01-01', '2018-01-01', 0, 0, 0),
('FRM021', 0, '2018-01-01', '2018-01-01', 0, 0, 0),
('FRM022', 0, '2018-01-01', '2018-01-01', 0, 0, 0),
('FRM023', 0, '2018-01-01', '2018-01-01', 0, 0, 0),
('FRP031', 0, '2018-01-01', '2018-01-01', 0, 0, 0),
('FRP032', 0, '2018-01-01', '2018-01-01', 0, 0, 0),
('FRP033', 0, '2018-01-01', '2018-01-01', 0, 0, 0),
('FRA041', 0, '2018-01-01', '2018-01-01', 0, 0, 0),
('FRA042', 0, '2018-01-01', '2018-01-01', 0, 0, 0),
('FRA043', 0, '2018-01-01', '2018-01-01', 0, 0, 0),
('FRO051', 0, '2018-01-01', '2018-01-01', 0, 0, 0),
('FRO052', 0, '2018-01-01', '2018-01-01', 0, 0, 0),
('FRO053', 0, '2018-01-01', '2018-01-01', 0, 0, 0),
('FDC011', 0, '2018-01-01', '2018-01-01', 0, 0, 0),
('FDC012', 0, '2018-01-01', '2018-01-01', 0, 0, 0),
('FDC013', 0, '2018-01-01', '2018-01-01', 0, 0, 0),
('FDS021', 0, '2018-01-01', '2018-01-01', 0, 0, 0),
('FDS022', 0, '2018-01-01', '2018-01-01', 0, 0, 0),
('FDS023', 0, '2018-01-01', '2018-01-01', 0, 0, 0),
('FDS031', 0, '2018-01-01', '2018-01-01', 0, 0, 0),
('FDS032', 0, '2018-01-01', '2018-01-01', 0, 0, 0),
('FDS033', 0, '2018-01-01', '2018-01-01', 0, 0, 0),
('FDL041', 0, '2018-01-01', '2018-01-01', 0, 0, 0),
('FDL042', 0, '2018-01-01', '2018-01-01', 0, 0, 0),
('FDL043', 0, '2018-01-01', '2018-01-01', 0, 0, 0),
('FDN051', 0, '2018-01-01', '2018-01-01', 0, 0, 0),
('FDN052', 0, '2018-01-01', '2018-01-01', 0, 0, 0),
('FDN053', 0, '2018-01-01', '2018-01-01', 0, 0, 0),
('FMV011', 0, '2018-01-01', '2018-01-01', 0, 0, 0),
('FMV012', 0, '2018-01-01', '2018-01-01', 0, 0, 0),
('FMV013', 0, '2018-01-01', '2018-01-01', 0, 0, 0),
('FMC021', 0, '2018-01-01', '2018-01-01', 0, 0, 0),
('FMC022', 0, '2018-01-01', '2018-01-01', 0, 0, 0),
('FMC023', 0, '2018-01-01', '2018-01-01', 0, 0, 0),
('FMS031', 0, '2018-01-01', '2018-01-01', 0, 0, 0),
('FMS032', 0, '2018-01-01', '2018-01-01', 0, 0, 0),
('FMS033', 0, '2018-01-01', '2018-01-01', 0, 0, 0),
('FMB041', 0, '2018-01-01', '2018-01-01', 0, 0, 0),
('FMB042', 0, '2018-01-01', '2018-01-01', 0, 0, 0),
('FMB043', 0, '2018-01-01', '2018-01-01', 0, 0, 0),
('FMC051', 0, '2018-01-01', '2018-01-01', 0, 0, 0),
('FMC052', 0, '2018-01-01', '2018-01-01', 0, 0, 0),
('FMC053', 0, '2018-01-01', '2018-01-01', 0, 0, 0);

-- --------------------------------------------------------

--
-- Table structure for table `aug`
--

CREATE TABLE `aug` (
  `CODE_NO` varchar(10) DEFAULT NULL,
  `QUANTITY` int(11) DEFAULT NULL,
  `MF` date DEFAULT NULL,
  `EXP` date DEFAULT NULL,
  `REJECTED` int(11) DEFAULT NULL,
  `RETRIEVED` int(11) DEFAULT NULL,
  `IN_STOCK` int(11) DEFAULT NULL
) ENGINE=InnoDB DEFAULT CHARSET=utf8mb4;

--
-- Dumping data for table `aug`
--

INSERT INTO `aug` (`CODE_NO`, `QUANTITY`, `MF`, `EXP`, `REJECTED`, `RETRIEVED`, `IN_STOCK`) VALUES
('FRM011', 0, '2018-01-01', '2018-01-01', 0, 0, 0),
('FRM012', 0, '2018-01-01', '2018-01-01', 0, 0, 0),
('FRM013', 0, '2018-01-01', '2018-01-01', 0, 0, 0),
('FRM021', 0, '2018-01-01', '2018-01-01', 0, 0, 0),
('FRM022', 0, '2018-01-01', '2018-01-01', 0, 0, 0),
('FRM023', 0, '2018-01-01', '2018-01-01', 0, 0, 0),
('FRP031', 0, '2018-01-01', '2018-01-01', 0, 0, 0),
('FRP032', 0, '2018-01-01', '2018-01-01', 0, 0, 0),
('FRP033', 0, '2018-01-01', '2018-01-01', 0, 0, 0),
('FRA041', 0, '2018-01-01', '2018-01-01', 0, 0, 0),
('FRA042', 0, '2018-01-01', '2018-01-01', 0, 0, 0),
('FRA043', 0, '2018-01-01', '2018-01-01', 0, 0, 0),
('FRO051', 0, '2018-01-01', '2018-01-01', 0, 0, 0),
('FRO052', 0, '2018-01-01', '2018-01-01', 0, 0, 0),
('FRO053', 0, '2018-01-01', '2018-01-01', 0, 0, 0),
('FDC011', 0, '2018-01-01', '2018-01-01', 0, 0, 0),
('FDC012', 0, '2018-01-01', '2018-01-01', 0, 0, 0),
('FDC013', 0, '2018-01-01', '2018-01-01', 0, 0, 0),
('FDS021', 0, '2018-01-01', '2018-01-01', 0, 0, 0),
('FDS022', 0, '2018-01-01', '2018-01-01', 0, 0, 0),
('FDS023', 0, '2018-01-01', '2018-01-01', 0, 0, 0),
('FDS031', 0, '2018-01-01', '2018-01-01', 0, 0, 0),
('FDS032', 0, '2018-01-01', '2018-01-01', 0, 0, 0),
('FDS033', 0, '2018-01-01', '2018-01-01', 0, 0, 0),
('FDL041', 0, '2018-01-01', '2018-01-01', 0, 0, 0),
('FDL042', 0, '2018-01-01', '2018-01-01', 0, 0, 0),
('FDL043', 0, '2018-01-01', '2018-01-01', 0, 0, 0),
('FDN051', 0, '2018-01-01', '2018-01-01', 0, 0, 0),
('FDN052', 0, '2018-01-01', '2018-01-01', 0, 0, 0),
('FDN053', 0, '2018-01-01', '2018-01-01', 0, 0, 0),
('FMV011', 0, '2018-01-01', '2018-01-01', 0, 0, 0),
('FMV012', 0, '2018-01-01', '2018-01-01', 0, 0, 0),
('FMV013', 0, '2018-01-01', '2018-01-01', 0, 0, 0),
('FMC021', 0, '2018-01-01', '2018-01-01', 0, 0, 0),
('FMC022', 0, '2018-01-01', '2018-01-01', 0, 0, 0),
('FMC023', 0, '2018-01-01', '2018-01-01', 0, 0, 0),
('FMS031', 0, '2018-01-01', '2018-01-01', 0, 0, 0),
('FMS032', 0, '2018-01-01', '2018-01-01', 0, 0, 0),
('FMS033', 0, '2018-01-01', '2018-01-01', 0, 0, 0),
('FMB041', 0, '2018-01-01', '2018-01-01', 0, 0, 0),
('FMB042', 0, '2018-01-01', '2018-01-01', 0, 0, 0),
('FMB043', 0, '2018-01-01', '2018-01-01', 0, 0, 0),
('FMC051', 0, '2018-01-01', '2018-01-01', 0, 0, 0),
('FMC052', 0, '2018-01-01', '2018-01-01', 0, 0, 0),
('FMC053', 0, '2018-01-01', '2018-01-01', 0, 0, 0);

-- --------------------------------------------------------

--
-- Table structure for table `de`
--

CREATE TABLE `de` (
  `CODE_NO` varchar(10) DEFAULT NULL,
  `QUANTITY` int(11) DEFAULT NULL,
  `MF` date DEFAULT NULL,
  `EXP` date DEFAULT NULL,
  `REJECTED` int(11) DEFAULT NULL,
  `RETRIEVED` int(11) DEFAULT NULL,
  `IN_STOCK` int(11) DEFAULT NULL
) ENGINE=InnoDB DEFAULT CHARSET=utf8mb4;

--
-- Dumping data for table `de`
--

INSERT INTO `de` (`CODE_NO`, `QUANTITY`, `MF`, `EXP`, `REJECTED`, `RETRIEVED`, `IN_STOCK`) VALUES
('FRM011', 0, '2018-01-01', '2018-01-01', 0, 0, 0),
('FRM012', 0, '2018-01-01', '2018-01-01', 0, 0, 0),
('FRM013', 0, '2018-01-01', '2018-01-01', 0, 0, 0),
('FRM021', 0, '2018-01-01', '2018-01-01', 0, 0, 0),
('FRM022', 0, '2018-01-01', '2018-01-01', 0, 0, 0),
('FRM023', 0, '2018-01-01', '2018-01-01', 0, 0, 0),
('FRP031', 0, '2018-01-01', '2018-01-01', 0, 0, 0),
('FRP032', 0, '2018-01-01', '2018-01-01', 0, 0, 0),
('FRP033', 0, '2018-01-01', '2018-01-01', 0, 0, 0),
('FRA041', 0, '2018-01-01', '2018-01-01', 0, 0, 0),
('FRA042', 0, '2018-01-01', '2018-01-01', 0, 0, 0),
('FRA043', 0, '2018-01-01', '2018-01-01', 0, 0, 0),
('FRO051', 0, '2018-01-01', '2018-01-01', 0, 0, 0),
('FRO052', 0, '2018-01-01', '2018-01-01', 0, 0, 0),
('FRO053', 0, '2018-01-01', '2018-01-01', 0, 0, 0),
('FDC011', 0, '2018-01-01', '2018-01-01', 0, 0, 0),
('FDC012', 0, '2018-01-01', '2018-01-01', 0, 0, 0),
('FDC013', 0, '2018-01-01', '2018-01-01', 0, 0, 0),
('FDS021', 0, '2018-01-01', '2018-01-01', 0, 0, 0),
('FDS022', 0, '2018-01-01', '2018-01-01', 0, 0, 0),
('FDS023', 0, '2018-01-01', '2018-01-01', 0, 0, 0),
('FDS031', 0, '2018-01-01', '2018-01-01', 0, 0, 0),
('FDS032', 0, '2018-01-01', '2018-01-01', 0, 0, 0),
('FDS033', 0, '2018-01-01', '2018-01-01', 0, 0, 0),
('FDL041', 0, '2018-01-01', '2018-01-01', 0, 0, 0),
('FDL042', 0, '2018-01-01', '2018-01-01', 0, 0, 0),
('FDL043', 0, '2018-01-01', '2018-01-01', 0, 0, 0),
('FDN051', 0, '2018-01-01', '2018-01-01', 0, 0, 0),
('FDN052', 0, '2018-01-01', '2018-01-01', 0, 0, 0),
('FDN053', 0, '2018-01-01', '2018-01-01', 0, 0, 0),
('FMV011', 0, '2018-01-01', '2018-01-01', 0, 0, 0),
('FMV012', 0, '2018-01-01', '2018-01-01', 0, 0, 0),
('FMV013', 0, '2018-01-01', '2018-01-01', 0, 0, 0),
('FMC021', 0, '2018-01-01', '2018-01-01', 0, 0, 0),
('FMC022', 0, '2018-01-01', '2018-01-01', 0, 0, 0),
('FMC023', 0, '2018-01-01', '2018-01-01', 0, 0, 0),
('FMS031', 0, '2018-01-01', '2018-01-01', 0, 0, 0),
('FMS032', 0, '2018-01-01', '2018-01-01', 0, 0, 0),
('FMS033', 0, '2018-01-01', '2018-01-01', 0, 0, 0),
('FMB041', 0, '2018-01-01', '2018-01-01', 0, 0, 0),
('FMB042', 0, '2018-01-01', '2018-01-01', 0, 0, 0),
('FMB043', 0, '2018-01-01', '2018-01-01', 0, 0, 0),
('FMC051', 0, '2018-01-01', '2018-01-01', 0, 0, 0),
('FMC052', 0, '2018-01-01', '2018-01-01', 0, 0, 0),
('FMC053', 0, '2018-01-01', '2018-01-01', 0, 0, 0);

-- --------------------------------------------------------

--
-- Table structure for table `feb`
--

CREATE TABLE `feb` (
  `CODE_NO` varchar(10) DEFAULT NULL,
  `QUANTITY` int(11) DEFAULT NULL,
  `MF` date DEFAULT NULL,
  `EXP` date DEFAULT NULL,
  `REJECTED` int(11) DEFAULT NULL,
  `RETRIEVED` int(11) DEFAULT NULL,
  `IN_STOCK` int(11) DEFAULT NULL
) ENGINE=InnoDB DEFAULT CHARSET=utf8mb4;

--
-- Dumping data for table `feb`
--

INSERT INTO `feb` (`CODE_NO`, `QUANTITY`, `MF`, `EXP`, `REJECTED`, `RETRIEVED`, `IN_STOCK`) VALUES
('FRM011', 0, '2018-01-01', '2018-01-01', 0, 0, 0),
('FRM012', 0, '2018-01-01', '2018-01-01', 0, 0, 0),
('FRM013', 0, '2018-01-01', '2018-01-01', 0, 0, 0),
('FRM021', 0, '2018-01-01', '2018-01-01', 0, 0, 0),
('FRM022', 0, '2018-01-01', '2018-01-01', 0, 0, 0),
('FRM023', 0, '2018-01-01', '2018-01-01', 0, 0, 0),
('FRP031', 0, '2018-01-01', '2018-01-01', 0, 0, 0),
('FRP032', 0, '2018-01-01', '2018-01-01', 0, 0, 0),
('FRP033', 0, '2018-01-01', '2018-01-01', 0, 0, 0),
('FRA041', 0, '2018-01-01', '2018-01-01', 0, 0, 0),
('FRA042', 0, '2018-01-01', '2018-01-01', 0, 0, 0),
('FRA043', 0, '2018-01-01', '2018-01-01', 0, 0, 0),
('FRO051', 0, '2018-01-01', '2018-01-01', 0, 0, 0),
('FRO052', 0, '2018-01-01', '2018-01-01', 0, 0, 0),
('FRO053', 0, '2018-01-01', '2018-01-01', 0, 0, 0),
('FDC011', 0, '2018-01-01', '2018-01-01', 0, 0, 0),
('FDC012', 0, '2018-01-01', '2018-01-01', 0, 0, 0),
('FDC013', 0, '2018-01-01', '2018-01-01', 0, 0, 0),
('FDS021', 0, '2018-01-01', '2018-01-01', 0, 0, 0),
('FDS022', 0, '2018-01-01', '2018-01-01', 0, 0, 0),
('FDS023', 0, '2018-01-01', '2018-01-01', 0, 0, 0),
('FDS031', 0, '2018-01-01', '2018-01-01', 0, 0, 0),
('FDS032', 0, '2018-01-01', '2018-01-01', 0, 0, 0),
('FDS033', 0, '2018-01-01', '2018-01-01', 0, 0, 0),
('FDL041', 0, '2018-01-01', '2018-01-01', 0, 0, 0),
('FDL042', 0, '2018-01-01', '2018-01-01', 0, 0, 0),
('FDL043', 0, '2018-01-01', '2018-01-01', 0, 0, 0),
('FDN051', 0, '2018-01-01', '2018-01-01', 0, 0, 0),
('FDN052', 0, '2018-01-01', '2018-01-01', 0, 0, 0),
('FDN053', 0, '2018-01-01', '2018-01-01', 0, 0, 0),
('FMV011', 0, '2018-01-01', '2018-01-01', 0, 0, 0),
('FMV012', 0, '2018-01-01', '2018-01-01', 0, 0, 0),
('FMV013', 0, '2018-01-01', '2018-01-01', 0, 0, 0),
('FMC021', 0, '2018-01-01', '2018-01-01', 0, 0, 0),
('FMC022', 0, '2018-01-01', '2018-01-01', 0, 0, 0),
('FMC023', 0, '2018-01-01', '2018-01-01', 0, 0, 0),
('FMS031', 0, '2018-01-01', '2018-01-01', 0, 0, 0),
('FMS032', 0, '2018-01-01', '2018-01-01', 0, 0, 0),
('FMS033', 0, '2018-01-01', '2018-01-01', 0, 0, 0),
('FMB041', 0, '2018-01-01', '2018-01-01', 0, 0, 0),
('FMB042', 0, '2018-01-01', '2018-01-01', 0, 0, 0),
('FMB043', 0, '2018-01-01', '2018-01-01', 0, 0, 0),
('FMC051', 0, '2018-01-01', '2018-01-01', 0, 0, 0),
('FMC052', 0, '2018-01-01', '2018-01-01', 0, 0, 0),
('FMC053', 0, '2018-01-01', '2018-01-01', 0, 0, 0);

-- --------------------------------------------------------

--
-- Table structure for table `jan`
--

CREATE TABLE `jan` (
  `CODE_NO` varchar(10) DEFAULT NULL,
  `QUANTITY` int(11) DEFAULT NULL,
  `MF` date DEFAULT NULL,
  `EXP` date DEFAULT NULL,
  `REJECTED` int(11) DEFAULT NULL,
  `RETRIEVED` int(11) DEFAULT NULL,
  `IN_STOCK` int(11) DEFAULT NULL
) ENGINE=InnoDB DEFAULT CHARSET=utf8mb4;

--
-- Dumping data for table `jan`
--

INSERT INTO `jan` (`CODE_NO`, `QUANTITY`, `MF`, `EXP`, `REJECTED`, `RETRIEVED`, `IN_STOCK`) VALUES
('FRM011', 0, '2018-01-01', '2018-01-01', 0, 0, 0),
('FRM012', 0, '2018-01-01', '2018-01-01', 0, 0, 0),
('FRM013', 0, '2018-01-01', '2018-01-01', 0, 0, 0),
('FRM021', 0, '2018-01-01', '2018-01-01', 0, 0, 0),
('FRM022', 0, '2018-01-01', '2018-01-01', 0, 0, 0),
('FRM023', 0, '2018-01-01', '2018-01-01', 0, 0, 0),
('FRP031', 0, '2018-01-01', '2018-01-01', 0, 0, 0),
('FRP032', 0, '2018-01-01', '2018-01-01', 0, 0, 0),
('FRP033', 0, '2018-01-01', '2018-01-01', 0, 0, 0),
('FRA041', 0, '2018-01-01', '2018-01-01', 0, 0, 0),
('FRA042', 0, '2018-01-01', '2018-01-01', 0, 0, 0),
('FRA043', 0, '2018-01-01', '2018-01-01', 0, 0, 0),
('FRO051', 0, '2018-01-01', '2018-01-01', 0, 0, 0),
('FRO052', 0, '2018-01-01', '2018-01-01', 0, 0, 0),
('FRO053', 0, '2018-01-01', '2018-01-01', 0, 0, 0),
('FDC011', 0, '2018-01-01', '2018-01-01', 0, 0, 0),
('FDC012', 0, '2018-01-01', '2018-01-01', 0, 0, 0),
('FDC013', 0, '2018-01-01', '2018-01-01', 0, 0, 0),
('FDS021', 0, '2018-01-01', '2018-01-01', 0, 0, 0),
('FDS022', 0, '2018-01-01', '2018-01-01', 0, 0, 0),
('FDS023', 0, '2018-01-01', '2018-01-01', 0, 0, 0),
('FDS031', 0, '2018-01-01', '2018-01-01', 0, 0, 0),
('FDS032', 0, '2018-01-01', '2018-01-01', 0, 0, 0),
('FDS033', 0, '2018-01-01', '2018-01-01', 0, 0, 0),
('FDL041', 0, '2018-01-01', '2018-01-01', 0, 0, 0),
('FDL042', 0, '2018-01-01', '2018-01-01', 0, 0, 0),
('FDL043', 0, '2018-01-01', '2018-01-01', 0, 0, 0),
('FDN051', 0, '2018-01-01', '2018-01-01', 0, 0, 0),
('FDN052', 0, '2018-01-01', '2018-01-01', 0, 0, 0),
('FDN053', 0, '2018-01-01', '2018-01-01', 0, 0, 0),
('FMV011', 0, '2018-01-01', '2018-01-01', 0, 0, 0),
('FMV012', 0, '2018-01-01', '2018-01-01', 0, 0, 0),
('FMV013', 0, '2018-01-01', '2018-01-01', 0, 0, 0),
('FMC021', 0, '2018-01-01', '2018-01-01', 0, 0, 0),
('FMC022', 0, '2018-01-01', '2018-01-01', 0, 0, 0),
('FMC023', 0, '2018-01-01', '2018-01-01', 0, 0, 0),
('FMS031', 0, '2018-01-01', '2018-01-01', 0, 0, 0),
('FMS032', 0, '2018-01-01', '2018-01-01', 0, 0, 0),
('FMS033', 0, '2018-01-01', '2018-01-01', 0, 0, 0),
('FMB041', 0, '2018-01-01', '2018-01-01', 0, 0, 0),
('FMB042', 0, '2018-01-01', '2018-01-01', 0, 0, 0),
('FMB043', 0, '2018-01-01', '2018-01-01', 0, 0, 0),
('FMC051', 0, '2018-01-01', '2018-01-01', 0, 0, 0),
('FMC052', 0, '2018-01-01', '2018-01-01', 0, 0, 0),
('FMC053', 0, '2018-01-01', '2018-01-01', 0, 0, 0),
('FRM011', 3000, '2020-01-03', '2020-03-03', 12, 1345, 1643),
('FRM011', 4567, '2020-01-05', '2020-03-05', 15, 2378, 3817),
('FRM011', 3790, '2020-01-07', '2020-01-07', 14, 2000, 5593);

-- --------------------------------------------------------

--
-- Table structure for table `jul`
--

CREATE TABLE `jul` (
  `CODE_NO` varchar(10) DEFAULT NULL,
  `QUANTITY` int(11) DEFAULT NULL,
  `MF` date DEFAULT NULL,
  `EXP` date DEFAULT NULL,
  `REJECTED` int(11) DEFAULT NULL,
  `RETRIEVED` int(11) DEFAULT NULL,
  `IN_STOCK` int(11) DEFAULT NULL
) ENGINE=InnoDB DEFAULT CHARSET=utf8mb4;

--
-- Dumping data for table `jul`
--

INSERT INTO `jul` (`CODE_NO`, `QUANTITY`, `MF`, `EXP`, `REJECTED`, `RETRIEVED`, `IN_STOCK`) VALUES
('FRM011', 0, '2018-01-01', '2018-01-01', 0, 0, 0),
('FRM012', 0, '2018-01-01', '2018-01-01', 0, 0, 0),
('FRM013', 0, '2018-01-01', '2018-01-01', 0, 0, 0),
('FRM021', 0, '2018-01-01', '2018-01-01', 0, 0, 0),
('FRM022', 0, '2018-01-01', '2018-01-01', 0, 0, 0),
('FRM023', 0, '2018-01-01', '2018-01-01', 0, 0, 0),
('FRP031', 0, '2018-01-01', '2018-01-01', 0, 0, 0),
('FRP032', 0, '2018-01-01', '2018-01-01', 0, 0, 0),
('FRP033', 0, '2018-01-01', '2018-01-01', 0, 0, 0),
('FRA041', 0, '2018-01-01', '2018-01-01', 0, 0, 0),
('FRA042', 0, '2018-01-01', '2018-01-01', 0, 0, 0),
('FRA043', 0, '2018-01-01', '2018-01-01', 0, 0, 0),
('FRO051', 0, '2018-01-01', '2018-01-01', 0, 0, 0),
('FRO052', 0, '2018-01-01', '2018-01-01', 0, 0, 0),
('FRO053', 0, '2018-01-01', '2018-01-01', 0, 0, 0),
('FDC011', 0, '2018-01-01', '2018-01-01', 0, 0, 0),
('FDC012', 0, '2018-01-01', '2018-01-01', 0, 0, 0),
('FDC013', 0, '2018-01-01', '2018-01-01', 0, 0, 0),
('FDS021', 0, '2018-01-01', '2018-01-01', 0, 0, 0),
('FDS022', 0, '2018-01-01', '2018-01-01', 0, 0, 0),
('FDS023', 0, '2018-01-01', '2018-01-01', 0, 0, 0),
('FDS031', 0, '2018-01-01', '2018-01-01', 0, 0, 0),
('FDS032', 0, '2018-01-01', '2018-01-01', 0, 0, 0),
('FDS033', 0, '2018-01-01', '2018-01-01', 0, 0, 0),
('FDL041', 0, '2018-01-01', '2018-01-01', 0, 0, 0),
('FDL042', 0, '2018-01-01', '2018-01-01', 0, 0, 0),
('FDL043', 0, '2018-01-01', '2018-01-01', 0, 0, 0),
('FDN051', 0, '2018-01-01', '2018-01-01', 0, 0, 0),
('FDN052', 0, '2018-01-01', '2018-01-01', 0, 0, 0),
('FDN053', 0, '2018-01-01', '2018-01-01', 0, 0, 0),
('FMV011', 0, '2018-01-01', '2018-01-01', 0, 0, 0),
('FMV012', 0, '2018-01-01', '2018-01-01', 0, 0, 0),
('FMV013', 0, '2018-01-01', '2018-01-01', 0, 0, 0),
('FMC021', 0, '2018-01-01', '2018-01-01', 0, 0, 0),
('FMC022', 0, '2018-01-01', '2018-01-01', 0, 0, 0),
('FMC023', 0, '2018-01-01', '2018-01-01', 0, 0, 0),
('FMS031', 0, '2018-01-01', '2018-01-01', 0, 0, 0),
('FMS032', 0, '2018-01-01', '2018-01-01', 0, 0, 0),
('FMS033', 0, '2018-01-01', '2018-01-01', 0, 0, 0),
('FMB041', 0, '2018-01-01', '2018-01-01', 0, 0, 0),
('FMB042', 0, '2018-01-01', '2018-01-01', 0, 0, 0),
('FMB043', 0, '2018-01-01', '2018-01-01', 0, 0, 0),
('FMC051', 0, '2018-01-01', '2018-01-01', 0, 0, 0),
('FMC052', 0, '2018-01-01', '2018-01-01', 0, 0, 0),
('FMC053', 0, '2018-01-01', '2018-01-01', 0, 0, 0);

-- --------------------------------------------------------

--
-- Table structure for table `jun`
--

CREATE TABLE `jun` (
  `CODE_NO` varchar(10) DEFAULT NULL,
  `QUANTITY` int(11) DEFAULT NULL,
  `MF` date DEFAULT NULL,
  `EXP` date DEFAULT NULL,
  `REJECTED` int(11) DEFAULT NULL,
  `RETRIEVED` int(11) DEFAULT NULL,
  `IN_STOCK` int(11) DEFAULT NULL
) ENGINE=InnoDB DEFAULT CHARSET=utf8mb4;

--
-- Dumping data for table `jun`
--

INSERT INTO `jun` (`CODE_NO`, `QUANTITY`, `MF`, `EXP`, `REJECTED`, `RETRIEVED`, `IN_STOCK`) VALUES
('FRM011', 0, '2018-01-01', '2018-01-01', 0, 0, 0),
('FRM012', 0, '2018-01-01', '2018-01-01', 0, 0, 0),
('FRM013', 0, '2018-01-01', '2018-01-01', 0, 0, 0),
('FRM021', 0, '2018-01-01', '2018-01-01', 0, 0, 0),
('FRM022', 0, '2018-01-01', '2018-01-01', 0, 0, 0),
('FRM023', 0, '2018-01-01', '2018-01-01', 0, 0, 0),
('FRP031', 0, '2018-01-01', '2018-01-01', 0, 0, 0),
('FRP032', 0, '2018-01-01', '2018-01-01', 0, 0, 0),
('FRP033', 0, '2018-01-01', '2018-01-01', 0, 0, 0),
('FRA041', 0, '2018-01-01', '2018-01-01', 0, 0, 0),
('FRA042', 0, '2018-01-01', '2018-01-01', 0, 0, 0),
('FRA043', 0, '2018-01-01', '2018-01-01', 0, 0, 0),
('FRO051', 0, '2018-01-01', '2018-01-01', 0, 0, 0),
('FRO052', 0, '2018-01-01', '2018-01-01', 0, 0, 0),
('FRO053', 0, '2018-01-01', '2018-01-01', 0, 0, 0),
('FDC011', 0, '2018-01-01', '2018-01-01', 0, 0, 0),
('FDC012', 0, '2018-01-01', '2018-01-01', 0, 0, 0),
('FDC013', 0, '2018-01-01', '2018-01-01', 0, 0, 0),
('FDS021', 0, '2018-01-01', '2018-01-01', 0, 0, 0),
('FDS022', 0, '2018-01-01', '2018-01-01', 0, 0, 0),
('FDS023', 0, '2018-01-01', '2018-01-01', 0, 0, 0),
('FDS031', 0, '2018-01-01', '2018-01-01', 0, 0, 0),
('FDS032', 0, '2018-01-01', '2018-01-01', 0, 0, 0),
('FDS033', 0, '2018-01-01', '2018-01-01', 0, 0, 0),
('FDL041', 0, '2018-01-01', '2018-01-01', 0, 0, 0),
('FDL042', 0, '2018-01-01', '2018-01-01', 0, 0, 0),
('FDL043', 0, '2018-01-01', '2018-01-01', 0, 0, 0),
('FDN051', 0, '2018-01-01', '2018-01-01', 0, 0, 0),
('FDN052', 0, '2018-01-01', '2018-01-01', 0, 0, 0),
('FDN053', 0, '2018-01-01', '2018-01-01', 0, 0, 0),
('FMV011', 0, '2018-01-01', '2018-01-01', 0, 0, 0),
('FMV012', 0, '2018-01-01', '2018-01-01', 0, 0, 0),
('FMV013', 0, '2018-01-01', '2018-01-01', 0, 0, 0),
('FMC021', 0, '2018-01-01', '2018-01-01', 0, 0, 0),
('FMC022', 0, '2018-01-01', '2018-01-01', 0, 0, 0),
('FMC023', 0, '2018-01-01', '2018-01-01', 0, 0, 0),
('FMS031', 0, '2018-01-01', '2018-01-01', 0, 0, 0),
('FMS032', 0, '2018-01-01', '2018-01-01', 0, 0, 0),
('FMS033', 0, '2018-01-01', '2018-01-01', 0, 0, 0),
('FMB041', 0, '2018-01-01', '2018-01-01', 0, 0, 0),
('FMB042', 0, '2018-01-01', '2018-01-01', 0, 0, 0),
('FMB043', 0, '2018-01-01', '2018-01-01', 0, 0, 0),
('FMC051', 0, '2018-01-01', '2018-01-01', 0, 0, 0),
('FMC052', 0, '2018-01-01', '2018-01-01', 0, 0, 0),
('FMC053', 0, '2018-01-01', '2018-01-01', 0, 0, 0);

-- --------------------------------------------------------

--
-- Table structure for table `login`
--

CREATE TABLE `login` (
  `NAME` varchar(50) DEFAULT NULL,
  `EMAIL` varchar(50) DEFAULT NULL,
  `TYPE` varchar(50) DEFAULT NULL,
  `USERNAME` varchar(50) DEFAULT NULL,
  `PASSWORD` varchar(50) DEFAULT NULL,
  `SECRET_CODE` varchar(50) DEFAULT NULL,
  `TIME_STAMP` datetime DEFAULT NULL
) ENGINE=InnoDB DEFAULT CHARSET=utf8mb4;

--
-- Dumping data for table `login`
--

INSERT INTO `login` (`NAME`, `EMAIL`, `TYPE`, `USERNAME`, `PASSWORD`, `SECRET_CODE`, `TIME_STAMP`) VALUES
('samantha', 's@gmail.com', 'ADMIN', 'uoc', 'uoc', 'uoc', '2020-10-14 18:01:28'),
('r', 'r@gmail.com', 'USER', '1234', '1234', '1234', '2020-10-14 18:01:43');

-- --------------------------------------------------------

--
-- Table structure for table `mar`
--

CREATE TABLE `mar` (
  `CODE_NO` varchar(10) DEFAULT NULL,
  `QUANTITY` int(11) DEFAULT NULL,
  `MF` date DEFAULT NULL,
  `EXP` date DEFAULT NULL,
  `REJECTED` int(11) DEFAULT NULL,
  `RETRIEVED` int(11) DEFAULT NULL,
  `IN_STOCK` int(11) DEFAULT NULL
) ENGINE=InnoDB DEFAULT CHARSET=utf8mb4;

--
-- Dumping data for table `mar`
--

INSERT INTO `mar` (`CODE_NO`, `QUANTITY`, `MF`, `EXP`, `REJECTED`, `RETRIEVED`, `IN_STOCK`) VALUES
('FRM011', 0, '2018-01-01', '2018-01-01', 0, 0, 0),
('FRM012', 0, '2018-01-01', '2018-01-01', 0, 0, 0),
('FRM013', 0, '2018-01-01', '2018-01-01', 0, 0, 0),
('FRM021', 0, '2018-01-01', '2018-01-01', 0, 0, 0),
('FRM022', 0, '2018-01-01', '2018-01-01', 0, 0, 0),
('FRM023', 0, '2018-01-01', '2018-01-01', 0, 0, 0),
('FRP031', 0, '2018-01-01', '2018-01-01', 0, 0, 0),
('FRP032', 0, '2018-01-01', '2018-01-01', 0, 0, 0),
('FRP033', 0, '2018-01-01', '2018-01-01', 0, 0, 0),
('FRA041', 0, '2018-01-01', '2018-01-01', 0, 0, 0),
('FRA042', 0, '2018-01-01', '2018-01-01', 0, 0, 0),
('FRA043', 0, '2018-01-01', '2018-01-01', 0, 0, 0),
('FRO051', 0, '2018-01-01', '2018-01-01', 0, 0, 0),
('FRO052', 0, '2018-01-01', '2018-01-01', 0, 0, 0),
('FRO053', 0, '2018-01-01', '2018-01-01', 0, 0, 0),
('FDC011', 0, '2018-01-01', '2018-01-01', 0, 0, 0),
('FDC012', 0, '2018-01-01', '2018-01-01', 0, 0, 0),
('FDC013', 0, '2018-01-01', '2018-01-01', 0, 0, 0),
('FDS021', 0, '2018-01-01', '2018-01-01', 0, 0, 0),
('FDS022', 0, '2018-01-01', '2018-01-01', 0, 0, 0),
('FDS023', 0, '2018-01-01', '2018-01-01', 0, 0, 0),
('FDS031', 0, '2018-01-01', '2018-01-01', 0, 0, 0),
('FDS032', 0, '2018-01-01', '2018-01-01', 0, 0, 0),
('FDS033', 0, '2018-01-01', '2018-01-01', 0, 0, 0),
('FDL041', 0, '2018-01-01', '2018-01-01', 0, 0, 0),
('FDL042', 0, '2018-01-01', '2018-01-01', 0, 0, 0),
('FDL043', 0, '2018-01-01', '2018-01-01', 0, 0, 0),
('FDN051', 0, '2018-01-01', '2018-01-01', 0, 0, 0),
('FDN052', 0, '2018-01-01', '2018-01-01', 0, 0, 0),
('FDN053', 0, '2018-01-01', '2018-01-01', 0, 0, 0),
('FMV011', 0, '2018-01-01', '2018-01-01', 0, 0, 0),
('FMV012', 0, '2018-01-01', '2018-01-01', 0, 0, 0),
('FMV013', 0, '2018-01-01', '2018-01-01', 0, 0, 0),
('FMC021', 0, '2018-01-01', '2018-01-01', 0, 0, 0),
('FMC022', 0, '2018-01-01', '2018-01-01', 0, 0, 0),
('FMC023', 0, '2018-01-01', '2018-01-01', 0, 0, 0),
('FMS031', 0, '2018-01-01', '2018-01-01', 0, 0, 0),
('FMS032', 0, '2018-01-01', '2018-01-01', 0, 0, 0),
('FMS033', 0, '2018-01-01', '2018-01-01', 0, 0, 0),
('FMB041', 0, '2018-01-01', '2018-01-01', 0, 0, 0),
('FMB042', 0, '2018-01-01', '2018-01-01', 0, 0, 0),
('FMB043', 0, '2018-01-01', '2018-01-01', 0, 0, 0),
('FMC051', 0, '2018-01-01', '2018-01-01', 0, 0, 0),
('FMC052', 0, '2018-01-01', '2018-01-01', 0, 0, 0),
('FMC053', 0, '2018-01-01', '2018-01-01', 0, 0, 0);

-- --------------------------------------------------------

--
-- Table structure for table `may`
--

CREATE TABLE `may` (
  `CODE_NO` varchar(10) DEFAULT NULL,
  `QUANTITY` int(11) DEFAULT NULL,
  `MF` date DEFAULT NULL,
  `EXP` date DEFAULT NULL,
  `REJECTED` int(11) DEFAULT NULL,
  `RETRIEVED` int(11) DEFAULT NULL,
  `IN_STOCK` int(11) DEFAULT NULL
) ENGINE=InnoDB DEFAULT CHARSET=utf8mb4;

--
-- Dumping data for table `may`
--

INSERT INTO `may` (`CODE_NO`, `QUANTITY`, `MF`, `EXP`, `REJECTED`, `RETRIEVED`, `IN_STOCK`) VALUES
('FRM011', 0, '2018-01-01', '2018-01-01', 0, 0, 0),
('FRM012', 0, '2018-01-01', '2018-01-01', 0, 0, 0),
('FRM013', 0, '2018-01-01', '2018-01-01', 0, 0, 0),
('FRM021', 0, '2018-01-01', '2018-01-01', 0, 0, 0),
('FRM022', 0, '2018-01-01', '2018-01-01', 0, 0, 0),
('FRM023', 0, '2018-01-01', '2018-01-01', 0, 0, 0),
('FRP031', 0, '2018-01-01', '2018-01-01', 0, 0, 0),
('FRP032', 0, '2018-01-01', '2018-01-01', 0, 0, 0),
('FRP033', 0, '2018-01-01', '2018-01-01', 0, 0, 0),
('FRA041', 0, '2018-01-01', '2018-01-01', 0, 0, 0),
('FRA042', 0, '2018-01-01', '2018-01-01', 0, 0, 0),
('FRA043', 0, '2018-01-01', '2018-01-01', 0, 0, 0),
('FRO051', 0, '2018-01-01', '2018-01-01', 0, 0, 0),
('FRO052', 0, '2018-01-01', '2018-01-01', 0, 0, 0),
('FRO053', 0, '2018-01-01', '2018-01-01', 0, 0, 0),
('FDC011', 0, '2018-01-01', '2018-01-01', 0, 0, 0),
('FDC012', 0, '2018-01-01', '2018-01-01', 0, 0, 0),
('FDC013', 0, '2018-01-01', '2018-01-01', 0, 0, 0),
('FDS021', 0, '2018-01-01', '2018-01-01', 0, 0, 0),
('FDS022', 0, '2018-01-01', '2018-01-01', 0, 0, 0),
('FDS023', 0, '2018-01-01', '2018-01-01', 0, 0, 0),
('FDS031', 0, '2018-01-01', '2018-01-01', 0, 0, 0),
('FDS032', 0, '2018-01-01', '2018-01-01', 0, 0, 0),
('FDS033', 0, '2018-01-01', '2018-01-01', 0, 0, 0),
('FDL041', 0, '2018-01-01', '2018-01-01', 0, 0, 0),
('FDL042', 0, '2018-01-01', '2018-01-01', 0, 0, 0),
('FDL043', 0, '2018-01-01', '2018-01-01', 0, 0, 0),
('FDN051', 0, '2018-01-01', '2018-01-01', 0, 0, 0),
('FDN052', 0, '2018-01-01', '2018-01-01', 0, 0, 0),
('FDN053', 0, '2018-01-01', '2018-01-01', 0, 0, 0),
('FMV011', 0, '2018-01-01', '2018-01-01', 0, 0, 0),
('FMV012', 0, '2018-01-01', '2018-01-01', 0, 0, 0),
('FMV013', 0, '2018-01-01', '2018-01-01', 0, 0, 0),
('FMC021', 0, '2018-01-01', '2018-01-01', 0, 0, 0),
('FMC022', 0, '2018-01-01', '2018-01-01', 0, 0, 0),
('FMC023', 0, '2018-01-01', '2018-01-01', 0, 0, 0),
('FMS031', 0, '2018-01-01', '2018-01-01', 0, 0, 0),
('FMS032', 0, '2018-01-01', '2018-01-01', 0, 0, 0),
('FMS033', 0, '2018-01-01', '2018-01-01', 0, 0, 0),
('FMB041', 0, '2018-01-01', '2018-01-01', 0, 0, 0),
('FMB042', 0, '2018-01-01', '2018-01-01', 0, 0, 0),
('FMB043', 0, '2018-01-01', '2018-01-01', 0, 0, 0),
('FMC051', 0, '2018-01-01', '2018-01-01', 0, 0, 0),
('FMC052', 0, '2018-01-01', '2018-01-01', 0, 0, 0),
('FMC053', 0, '2018-01-01', '2018-01-01', 0, 0, 0);

-- --------------------------------------------------------

--
-- Table structure for table `nov`
--

CREATE TABLE `nov` (
  `CODE_NO` varchar(10) DEFAULT NULL,
  `QUANTITY` int(11) DEFAULT NULL,
  `MF` date DEFAULT NULL,
  `EXP` date DEFAULT NULL,
  `REJECTED` int(11) DEFAULT NULL,
  `RETRIEVED` int(11) DEFAULT NULL,
  `IN_STOCK` int(11) DEFAULT NULL
) ENGINE=InnoDB DEFAULT CHARSET=utf8mb4;

--
-- Dumping data for table `nov`
--

INSERT INTO `nov` (`CODE_NO`, `QUANTITY`, `MF`, `EXP`, `REJECTED`, `RETRIEVED`, `IN_STOCK`) VALUES
('FRM011', 0, '2018-01-01', '2018-01-01', 0, 0, 0),
('FRM012', 0, '2018-01-01', '2018-01-01', 0, 0, 0),
('FRM013', 0, '2018-01-01', '2018-01-01', 0, 0, 0),
('FRM021', 0, '2018-01-01', '2018-01-01', 0, 0, 0),
('FRM022', 0, '2018-01-01', '2018-01-01', 0, 0, 0),
('FRM023', 0, '2018-01-01', '2018-01-01', 0, 0, 0),
('FRP031', 0, '2018-01-01', '2018-01-01', 0, 0, 0),
('FRP032', 0, '2018-01-01', '2018-01-01', 0, 0, 0),
('FRP033', 0, '2018-01-01', '2018-01-01', 0, 0, 0),
('FRA041', 0, '2018-01-01', '2018-01-01', 0, 0, 0),
('FRA042', 0, '2018-01-01', '2018-01-01', 0, 0, 0),
('FRA043', 0, '2018-01-01', '2018-01-01', 0, 0, 0),
('FRO051', 0, '2018-01-01', '2018-01-01', 0, 0, 0),
('FRO052', 0, '2018-01-01', '2018-01-01', 0, 0, 0),
('FRO053', 0, '2018-01-01', '2018-01-01', 0, 0, 0),
('FDC011', 0, '2018-01-01', '2018-01-01', 0, 0, 0),
('FDC012', 0, '2018-01-01', '2018-01-01', 0, 0, 0),
('FDC013', 0, '2018-01-01', '2018-01-01', 0, 0, 0),
('FDS021', 0, '2018-01-01', '2018-01-01', 0, 0, 0),
('FDS022', 0, '2018-01-01', '2018-01-01', 0, 0, 0),
('FDS023', 0, '2018-01-01', '2018-01-01', 0, 0, 0),
('FDS031', 0, '2018-01-01', '2018-01-01', 0, 0, 0),
('FDS032', 0, '2018-01-01', '2018-01-01', 0, 0, 0),
('FDS033', 0, '2018-01-01', '2018-01-01', 0, 0, 0),
('FDL041', 0, '2018-01-01', '2018-01-01', 0, 0, 0),
('FDL042', 0, '2018-01-01', '2018-01-01', 0, 0, 0),
('FDL043', 0, '2018-01-01', '2018-01-01', 0, 0, 0),
('FDN051', 0, '2018-01-01', '2018-01-01', 0, 0, 0),
('FDN052', 0, '2018-01-01', '2018-01-01', 0, 0, 0),
('FDN053', 0, '2018-01-01', '2018-01-01', 0, 0, 0),
('FMV011', 0, '2018-01-01', '2018-01-01', 0, 0, 0),
('FMV012', 0, '2018-01-01', '2018-01-01', 0, 0, 0),
('FMV013', 0, '2018-01-01', '2018-01-01', 0, 0, 0),
('FMC021', 0, '2018-01-01', '2018-01-01', 0, 0, 0),
('FMC022', 0, '2018-01-01', '2018-01-01', 0, 0, 0),
('FMC023', 0, '2018-01-01', '2018-01-01', 0, 0, 0),
('FMS031', 0, '2018-01-01', '2018-01-01', 0, 0, 0),
('FMS032', 0, '2018-01-01', '2018-01-01', 0, 0, 0),
('FMS033', 0, '2018-01-01', '2018-01-01', 0, 0, 0),
('FMB041', 0, '2018-01-01', '2018-01-01', 0, 0, 0),
('FMB042', 0, '2018-01-01', '2018-01-01', 0, 0, 0),
('FMB043', 0, '2018-01-01', '2018-01-01', 0, 0, 0),
('FMC051', 0, '2018-01-01', '2018-01-01', 0, 0, 0),
('FMC052', 0, '2018-01-01', '2018-01-01', 0, 0, 0),
('FMC053', 0, '2018-01-01', '2018-01-01', 0, 0, 0);

-- --------------------------------------------------------

--
-- Table structure for table `oct`
--

CREATE TABLE `oct` (
  `CODE_NO` varchar(10) DEFAULT NULL,
  `QUANTITY` int(11) DEFAULT NULL,
  `MF` date DEFAULT NULL,
  `EXP` date DEFAULT NULL,
  `REJECTED` int(11) DEFAULT NULL,
  `RETRIEVED` int(11) DEFAULT NULL,
  `IN_STOCK` int(11) DEFAULT NULL
) ENGINE=InnoDB DEFAULT CHARSET=utf8mb4;

--
-- Dumping data for table `oct`
--

INSERT INTO `oct` (`CODE_NO`, `QUANTITY`, `MF`, `EXP`, `REJECTED`, `RETRIEVED`, `IN_STOCK`) VALUES
('FRM011', 0, '2018-01-01', '2018-01-01', 0, 0, 0),
('FRM012', 0, '2018-01-01', '2018-01-01', 0, 0, 0),
('FRM013', 0, '2018-01-01', '2018-01-01', 0, 0, 0),
('FRM021', 0, '2018-01-01', '2018-01-01', 0, 0, 0),
('FRM022', 0, '2018-01-01', '2018-01-01', 0, 0, 0),
('FRM023', 0, '2018-01-01', '2018-01-01', 0, 0, 0),
('FRP031', 0, '2018-01-01', '2018-01-01', 0, 0, 0),
('FRP032', 0, '2018-01-01', '2018-01-01', 0, 0, 0),
('FRP033', 0, '2018-01-01', '2018-01-01', 0, 0, 0),
('FRA041', 0, '2018-01-01', '2018-01-01', 0, 0, 0),
('FRA042', 0, '2018-01-01', '2018-01-01', 0, 0, 0),
('FRA043', 0, '2018-01-01', '2018-01-01', 0, 0, 0),
('FRO051', 0, '2018-01-01', '2018-01-01', 0, 0, 0),
('FRO052', 0, '2018-01-01', '2018-01-01', 0, 0, 0),
('FRO053', 0, '2018-01-01', '2018-01-01', 0, 0, 0),
('FDC011', 0, '2018-01-01', '2018-01-01', 0, 0, 0),
('FDC012', 0, '2018-01-01', '2018-01-01', 0, 0, 0),
('FDC013', 0, '2018-01-01', '2018-01-01', 0, 0, 0),
('FDS021', 0, '2018-01-01', '2018-01-01', 0, 0, 0),
('FDS022', 0, '2018-01-01', '2018-01-01', 0, 0, 0),
('FDS023', 0, '2018-01-01', '2018-01-01', 0, 0, 0),
('FDS031', 0, '2018-01-01', '2018-01-01', 0, 0, 0),
('FDS032', 0, '2018-01-01', '2018-01-01', 0, 0, 0),
('FDS033', 0, '2018-01-01', '2018-01-01', 0, 0, 0),
('FDL041', 0, '2018-01-01', '2018-01-01', 0, 0, 0),
('FDL042', 0, '2018-01-01', '2018-01-01', 0, 0, 0),
('FDL043', 0, '2018-01-01', '2018-01-01', 0, 0, 0),
('FDN051', 0, '2018-01-01', '2018-01-01', 0, 0, 0),
('FDN052', 0, '2018-01-01', '2018-01-01', 0, 0, 0),
('FDN053', 0, '2018-01-01', '2018-01-01', 0, 0, 0),
('FMV011', 0, '2018-01-01', '2018-01-01', 0, 0, 0),
('FMV012', 0, '2018-01-01', '2018-01-01', 0, 0, 0),
('FMV013', 0, '2018-01-01', '2018-01-01', 0, 0, 0),
('FMC021', 0, '2018-01-01', '2018-01-01', 0, 0, 0),
('FMC022', 0, '2018-01-01', '2018-01-01', 0, 0, 0),
('FMC023', 0, '2018-01-01', '2018-01-01', 0, 0, 0),
('FMS031', 0, '2018-01-01', '2018-01-01', 0, 0, 0),
('FMS032', 0, '2018-01-01', '2018-01-01', 0, 0, 0),
('FMS033', 0, '2018-01-01', '2018-01-01', 0, 0, 0),
('FMB041', 0, '2018-01-01', '2018-01-01', 0, 0, 0),
('FMB042', 0, '2018-01-01', '2018-01-01', 0, 0, 0),
('FMB043', 0, '2018-01-01', '2018-01-01', 0, 0, 0),
('FMC051', 0, '2018-01-01', '2018-01-01', 0, 0, 0),
('FMC052', 0, '2018-01-01', '2018-01-01', 0, 0, 0),
('FMC053', 0, '2018-01-01', '2018-01-01', 0, 0, 0);

-- --------------------------------------------------------

--
-- Table structure for table `products`
--

CREATE TABLE `products` (
  `CODE_NO` varchar(10) NOT NULL,
  `NAME` varchar(15) DEFAULT NULL,
  `TYPE` varchar(15) DEFAULT NULL,
  `VOLUME` varchar(10) DEFAULT NULL
) ENGINE=InnoDB DEFAULT CHARSET=utf8mb4;

--
-- Dumping data for table `products`
--

INSERT INTO `products` (`CODE_NO`, `NAME`, `TYPE`, `VOLUME`) VALUES
('FDC011', 'COLA', 'FIZZY', '75ml'),
('FDC012', 'COLA', 'FIZZY', '350ml'),
('FDC013', 'COLA', 'FIZZY', '1L'),
('FDL041', 'LEMONADE', 'FIZZY', '75ml'),
('FDL042', 'LEMONADE', 'FIZZY', '350ml'),
('FDL043', 'LEMONADE', 'FIZZY', '1L'),
('FDN051', 'NECTO', 'FIZZY', '75ml'),
('FDN052', 'NECTO', 'FIZZY', '350ml'),
('FDN053', 'NECTO', 'FIZZY', '1L'),
('FDS021', 'SPRITE', 'FIZZY', '75ml'),
('FDS022', 'SPRITE', 'FIZZY', '350ml'),
('FDS023', 'SPRITE', 'FIZZY', '1L'),
('FDS031', 'SODA', 'FIZZY', '75ml'),
('FDS032', 'SODA', 'FIZZY', '350ml'),
('FDS033', 'SODA', 'FIZZY', '1L'),
('FMBO41', 'BLUEBERRY', 'FLAVOURED MILK', '75ml'),
('FMBO42', 'BLUEBERRY', 'FLAVOURED MILK', '350ml'),
('FMBO43', 'BLUEBERRY', 'FLAVOURED MILK', '1L'),
('FMCO21', 'CHOCOLATE', 'FLAVOURED MILK', '75ml'),
('FMCO22', 'CHOCOLATE', 'FLAVOURED MILK', '350ml'),
('FMCO23', 'CHOCOLATE', 'FLAVOURED MILK', '1L'),
('FMCO51', 'COFFEE', 'FLAVOURED MILK', '75ml'),
('FMCO52', 'COFFEE', 'FLAVOURED MILK', '350ml'),
('FMCO53', 'COFFEE', 'FLAVOURED MILK', '1L'),
('FMSO31', 'STRAWBERRY', 'FLAVOURED MILK', '75ml'),
('FMSO32', 'STRAWBERRY', 'FLAVOURED MILK', '350ml'),
('FMSO33', 'STRAWBERRY', 'FLAVOURED MILK', '1L'),
('FMVO11', 'VANILA', 'FLAVOURED MILK', '75ml'),
('FMVO12', 'VANILA', 'FLAVOURED MILK', '350ml'),
('FMVO13', 'VANILA', 'FLAVOURED MILK', '1L'),
('FRA041', 'APPLE', 'FRUIT', '75ml'),
('FRA042', 'APPLE', 'FRUIT', '350ml'),
('FRA043', 'APPLE', 'FRUIT', '1L'),
('FRM011', 'MANGO', 'FRUIT', '75ml'),
('FRM012', 'MANGO', 'FRUIT', '350ml'),
('FRM013', 'MANGO', 'FRUIT', '1L'),
('FRM021', 'MIXED', 'FRUIT', '75ml'),
('FRM022', 'MIXED', 'FRUIT', '350ml'),
('FRM023', 'MIXED', 'FRUIT', '1L'),
('FRO051', 'ORANGE', 'FRUIT', '75ml'),
('FRO052', 'ORANGE', 'FRUIT', '350ml'),
('FRO053', 'ORANGE', 'FRUIT', '1L'),
('FRP031', 'PINEAAPPLE', 'FRUIT', '75ml'),
('FRP032', 'PINEAAPPLE', 'FRUIT', '350ml'),
('FRP033', 'PINEAAPPLE', 'FRUIT', '1L');

-- --------------------------------------------------------

--
-- Table structure for table `sep`
--

CREATE TABLE `sep` (
  `CODE_NO` varchar(10) DEFAULT NULL,
  `QUANTITY` int(11) DEFAULT NULL,
  `MF` date DEFAULT NULL,
  `EXP` date DEFAULT NULL,
  `REJECTED` int(11) DEFAULT NULL,
  `RETRIEVED` int(11) DEFAULT NULL,
  `IN_STOCK` int(11) DEFAULT NULL
) ENGINE=InnoDB DEFAULT CHARSET=utf8mb4;

--
-- Dumping data for table `sep`
--

INSERT INTO `sep` (`CODE_NO`, `QUANTITY`, `MF`, `EXP`, `REJECTED`, `RETRIEVED`, `IN_STOCK`) VALUES
('FRM011', 0, '2018-01-01', '2018-01-01', 0, 0, 0),
('FRM012', 0, '2018-01-01', '2018-01-01', 0, 0, 0),
('FRM013', 0, '2018-01-01', '2018-01-01', 0, 0, 0),
('FRM021', 0, '2018-01-01', '2018-01-01', 0, 0, 0),
('FRM022', 0, '2018-01-01', '2018-01-01', 0, 0, 0),
('FRM023', 0, '2018-01-01', '2018-01-01', 0, 0, 0),
('FRP031', 0, '2018-01-01', '2018-01-01', 0, 0, 0),
('FRP032', 0, '2018-01-01', '2018-01-01', 0, 0, 0),
('FRP033', 0, '2018-01-01', '2018-01-01', 0, 0, 0),
('FRA041', 0, '2018-01-01', '2018-01-01', 0, 0, 0),
('FRA042', 0, '2018-01-01', '2018-01-01', 0, 0, 0),
('FRA043', 0, '2018-01-01', '2018-01-01', 0, 0, 0),
('FRO051', 0, '2018-01-01', '2018-01-01', 0, 0, 0),
('FRO052', 0, '2018-01-01', '2018-01-01', 0, 0, 0),
('FRO053', 0, '2018-01-01', '2018-01-01', 0, 0, 0),
('FDC011', 0, '2018-01-01', '2018-01-01', 0, 0, 0),
('FDC012', 0, '2018-01-01', '2018-01-01', 0, 0, 0),
('FDC013', 0, '2018-01-01', '2018-01-01', 0, 0, 0),
('FDS021', 0, '2018-01-01', '2018-01-01', 0, 0, 0),
('FDS022', 0, '2018-01-01', '2018-01-01', 0, 0, 0),
('FDS023', 0, '2018-01-01', '2018-01-01', 0, 0, 0),
('FDS031', 0, '2018-01-01', '2018-01-01', 0, 0, 0),
('FDS032', 0, '2018-01-01', '2018-01-01', 0, 0, 0),
('FDS033', 0, '2018-01-01', '2018-01-01', 0, 0, 0),
('FDL041', 0, '2018-01-01', '2018-01-01', 0, 0, 0),
('FDL042', 0, '2018-01-01', '2018-01-01', 0, 0, 0),
('FDL043', 0, '2018-01-01', '2018-01-01', 0, 0, 0),
('FDN051', 0, '2018-01-01', '2018-01-01', 0, 0, 0),
('FDN052', 0, '2018-01-01', '2018-01-01', 0, 0, 0),
('FDN053', 0, '2018-01-01', '2018-01-01', 0, 0, 0),
('FMV011', 0, '2018-01-01', '2018-01-01', 0, 0, 0),
('FMV012', 0, '2018-01-01', '2018-01-01', 0, 0, 0),
('FMV013', 0, '2018-01-01', '2018-01-01', 0, 0, 0),
('FMC021', 0, '2018-01-01', '2018-01-01', 0, 0, 0),
('FMC022', 0, '2018-01-01', '2018-01-01', 0, 0, 0),
('FMC023', 0, '2018-01-01', '2018-01-01', 0, 0, 0),
('FMS031', 0, '2018-01-01', '2018-01-01', 0, 0, 0),
('FMS032', 0, '2018-01-01', '2018-01-01', 0, 0, 0),
('FMS033', 0, '2018-01-01', '2018-01-01', 0, 0, 0),
('FMB041', 0, '2018-01-01', '2018-01-01', 0, 0, 0),
('FMB042', 0, '2018-01-01', '2018-01-01', 0, 0, 0),
('FMB043', 0, '2018-01-01', '2018-01-01', 0, 0, 0),
('FMC051', 0, '2018-01-01', '2018-01-01', 0, 0, 0),
('FMC052', 0, '2018-01-01', '2018-01-01', 0, 0, 0),
('FMC053', 0, '2018-01-01', '2018-01-01', 0, 0, 0);

--
-- Indexes for dumped tables
--

--
-- Indexes for table `products`
--
ALTER TABLE `products`
  ADD PRIMARY KEY (`CODE_NO`);
COMMIT;

/*!40101 SET CHARACTER_SET_CLIENT=@OLD_CHARACTER_SET_CLIENT */;
/*!40101 SET CHARACTER_SET_RESULTS=@OLD_CHARACTER_SET_RESULTS */;
/*!40101 SET COLLATION_CONNECTION=@OLD_COLLATION_CONNECTION */;
